name,slug,url
Rippling,rippling,https://ats.rippling.com/rippling
Barry's,barrys-careers,https://ats.rippling.com/barrys-careers
Carbon Health,carbon-health,https://ats.rippling.com/carbon-health
NWS,nws,https://ats.rippling.com/nws
CommandLink,commandlink,https://ats.rippling.com/commandlink
VulcanForms,vulcanforms,https://ats.rippling.com/vulcanforms
DroneShield,droneshield,https://ats.rippling.com/droneshield
Opendoor,opendoor,https://ats.rippling.com/opendoor
Serve Hospitality,serve-hospitality-group-careers_2,https://ats.rippling.com/serve-hospitality-group-careers_2
CBTS,cbts,https://ats.rippling.com/cbts
Riot Platforms,riot-platforms-careers,https://ats.rippling.com/riot-platforms-careers
CS Erickson,cs-erickson-careers,https://ats.rippling.com/cs-erickson-careers
Astra,astra,https://ats.rippling.com/astra
Steno,steno-careers-page,https://ats.rippling.com/steno-careers-page
Malwarebytes,malwarebytes,https://ats.rippling.com/malwarebytes
Boom Supersonic,boom-supersonic,https://ats.rippling.com/boom-supersonic
All Generation Tech,all-generation-tech,https://ats.rippling.com/all-generation-tech
Pythian,pythian,https://ats.rippling.com/pythian
EVgo,evgo-careers,https://ats.rippling.com/evgo-careers
Foundation Robotics,foundation-robotics,https://ats.rippling.com/foundation-robotics
Summit,summit,https://ats.rippling.com/summit
Paramount,paramount,https://ats.rippling.com/paramount
Chrome Hearts,chrome-hearts-careers,https://ats.rippling.com/chrome-hearts-careers
Crafty,crafty,https://ats.rippling.com/crafty
Net at Work,netatwork,https://ats.rippling.com/netatwork
Foundant Technologies,foundant-careers,https://ats.rippling.com/foundant-careers
Drive Social Media,drivesocialmedia,https://ats.rippling.com/drivesocialmedia
Aalyria Technologies,aalyria-careers,https://ats.rippling.com/aalyria-careers
Results Contracting,results-contracting,https://ats.rippling.com/results-contracting
Webull,webull,https://ats.rippling.com/webull
Rearc,rearc,https://ats.rippling.com/rearc
Inspectorio,inspectoriocareers,https://ats.rippling.com/inspectoriocareers
Tavern Research,tavernresearch,https://ats.rippling.com/tavernresearch
Plenful,plenful,https://ats.rippling.com/plenful
Amika,amika-careers,https://ats.rippling.com/amika-careers
Luma Financial,luma-financial-technologies,https://ats.rippling.com/luma-financial-technologies
TheGuarantors,theguarantors-open-positions,https://ats.rippling.com/theguarantors-open-positions
Anaconda,anaconda,https://ats.rippling.com/anaconda
Ares Interactive,ares-interactive-careers,https://ats.rippling.com/ares-interactive-careers
Chess.com,chess,https://ats.rippling.com/chess
HqO,hqo,https://ats.rippling.com/hqo
Treehouse,treehouse-job-board,https://ats.rippling.com/treehouse-job-board
Esper,esper,https://ats.rippling.com/esper
ClosingLock,closinglock,https://ats.rippling.com/closinglock
Bamboo Health,bamboo-health-careers,https://ats.rippling.com/bamboo-health-careers
Kick,kick,https://ats.rippling.com/kick
Whisker Labs,whisker-labs-careers,https://ats.rippling.com/whisker-labs-careers
Climate Power,climatepower,https://ats.rippling.com/climatepower
Shippo,shippo,https://ats.rippling.com/shippo
InVision,invision,https://ats.rippling.com/invision
Tixr,tixr,https://ats.rippling.com/tixr
Button,button,https://ats.rippling.com/button
Root Insurance,joinroot,https://ats.rippling.com/joinroot
myKaarma,mykaarma,https://ats.rippling.com/mykaarma
Routeware,routeware-careers,https://ats.rippling.com/routeware-careers
JMARK,jmark-careers,https://ats.rippling.com/jmark-careers
Athennian,athennian,https://ats.rippling.com/athennian
AgilityPR,agilitypr,https://ats.rippling.com/agilitypr
NCS Engineers,ncs-engineers,https://ats.rippling.com/ncs-engineers
VIP Hospitality,vip-hospitality-llc,https://ats.rippling.com/vip-hospitality-llc
Hunter Strategy,hunterstrategy,https://ats.rippling.com/hunterstrategy
ReUp Education,reup-education,https://ats.rippling.com/reup-education
PDQ,pdq,https://ats.rippling.com/pdq
Just Appraised,just-appraised-jobs,https://ats.rippling.com/just-appraised-jobs
N3XT,n3xt-jobs,https://ats.rippling.com/n3xt-jobs
Harver,careers-at-harver,https://ats.rippling.com/careers-at-harver
Totango,totango,https://ats.rippling.com/totango
SearchBloom,searchbloom-careers,https://ats.rippling.com/searchbloom-careers
Impartner,impartner-software,https://ats.rippling.com/impartner-software
Blackrock Neurotech,blackrockneurotech,https://ats.rippling.com/blackrockneurotech
Reverb,reverb-careers,https://ats.rippling.com/reverb-careers
Interplay Learning,interplaylearning,https://ats.rippling.com/interplaylearning
Gray Line Tennessee,graylinetn,https://ats.rippling.com/graylinetn
Scope3,scope3pbc,https://ats.rippling.com/scope3pbc
Rewiring America,rewiring-america-careers,https://ats.rippling.com/rewiring-america-careers
ETG,etg,https://ats.rippling.com/etg
ServiceUp,serviceupcareers,https://ats.rippling.com/serviceupcareers
ZRG Partners,zrg-partners-careers,https://ats.rippling.com/zrg-partners-careers
BoomPop,boompop,https://ats.rippling.com/boompop
Dropzone AI,dropzone-ai,https://ats.rippling.com/dropzone-ai
Flatiron School,flatiron-school,https://ats.rippling.com/flatiron-school
Skillable,skillable-careers,https://ats.rippling.com/skillable-careers
Sentry,sentry,https://ats.rippling.com/sentry
Citrine Informatics,citrine-informatics,https://ats.rippling.com/citrine-informatics
Stampede Studios,stampede-studios,https://ats.rippling.com/stampede-studios
AgelessRx,agelessrx,https://ats.rippling.com/agelessrx
Voltaiq,voltaiq-careers,https://ats.rippling.com/voltaiq-careers
Highlight,highlight-careers,https://ats.rippling.com/highlight-careers
BTC Inc,btc-inc,https://ats.rippling.com/btc-inc
Brightside,brightside,https://ats.rippling.com/brightside
Loop,loop-careers,https://ats.rippling.com/loop-careers
Futuri,futuri-careers,https://ats.rippling.com/futuri-careers
Curiosity,curiosity-current-openings,https://ats.rippling.com/curiosity-current-openings
Complexly,complexly,https://ats.rippling.com/complexly
Consensus,consensus,https://ats.rippling.com/consensus
Scratch Financial,scratch-financial,https://ats.rippling.com/scratch-financial
Eva NYC,eva-nyc-careers,https://ats.rippling.com/eva-nyc-careers
Encamp,encamp,https://ats.rippling.com/encamp
Moov,moov,https://ats.rippling.com/moov
Onfleet,onfleet-careers,https://ats.rippling.com/onfleet-careers
Branch,branch,https://ats.rippling.com/branch
Kin,kin,https://ats.rippling.com/kin
Compass Mining,compass-mining,https://ats.rippling.com/compass-mining
Hacksmith,hacksmith,https://ats.rippling.com/hacksmith
Tilled,tilledcareers,https://ats.rippling.com/tilledcareers
Season,seasoncareers,https://ats.rippling.com/seasoncareers
Assembly Software,assembly-software,https://ats.rippling.com/assembly-software
Balto,balto,https://ats.rippling.com/balto
Archer,archer,https://ats.rippling.com/archer
Freshworks,freshworks,https://ats.rippling.com/freshworks
RudderStack,rudderstack-careers,https://ats.rippling.com/rudderstack-careers
SRG,srg-careers,https://ats.rippling.com/srg-careers
SPC Card,spccard_careers,https://ats.rippling.com/spccard_careers
514-careers,514-careers,https://ats.rippling.com/514-careers
altom-transport-jobs,altom-transport-jobs,https://ats.rippling.com/altom-transport-jobs
asics-apps,asics-apps,https://ats.rippling.com/asics-apps
blue-robotics,blue-robotics,https://ats.rippling.com/blue-robotics
boosted,boosted,https://ats.rippling.com/boosted
booster-juice-corporate-office,booster-juice-corporate-office,https://ats.rippling.com/booster-juice-corporate-office
cem-benchmarking,cem-benchmarking,https://ats.rippling.com/cem-benchmarking
cerby,cerby,https://ats.rippling.com/cerby
clearestate,clearestate,https://ats.rippling.com/clearestate
clearsultingcareers,clearsultingcareers,https://ats.rippling.com/clearsultingcareers
cloud-synapps-inc,cloud-synapps-inc,https://ats.rippling.com/cloud-synapps-inc
cmls,cmls,https://ats.rippling.com/cmls
college-of-health-and-care-professionals-of-bc,college-of-health-and-care-professionals-of-bc,https://ats.rippling.com/college-of-health-and-care-professionals-of-bc
covetcareers,covetcareers,https://ats.rippling.com/covetcareers
cozey,cozey,https://ats.rippling.com/cozey
createmusicgroup,createmusicgroup,https://ats.rippling.com/createmusicgroup
crowe-bgk,crowe-bgk,https://ats.rippling.com/crowe-bgk
cruciallogics,cruciallogics,https://ats.rippling.com/cruciallogics
cullen-jewellery,cullen-jewellery,https://ats.rippling.com/cullen-jewellery
cvert,cvert,https://ats.rippling.com/cvert
d-wave-quantum,d-wave-quantum,https://ats.rippling.com/d-wave-quantum
dialogue-en,dialogue-en,https://ats.rippling.com/dialogue-en
domaine-careers,domaine-careers,https://ats.rippling.com/domaine-careers
dreww-jobs,dreww-jobs,https://ats.rippling.com/dreww-jobs
ecowize-careers,ecowize-careers,https://ats.rippling.com/ecowize-careers
ehouse-studio-llc,ehouse-studio-llc,https://ats.rippling.com/ehouse-studio-llc
ehs-support-llc,ehs-support-llc,https://ats.rippling.com/ehs-support-llc
elevationcapital,elevationcapital,https://ats.rippling.com/elevationcapital
encore-auctions,encore-auctions,https://ats.rippling.com/encore-auctions
everflow,everflow,https://ats.rippling.com/everflow
exp-jobs,exp-jobs,https://ats.rippling.com/exp-jobs
fluidai-medical-careers,fluidai-medical-careers,https://ats.rippling.com/fluidai-medical-careers
flybits,flybits,https://ats.rippling.com/flybits
foodshare-careers,foodshare-careers,https://ats.rippling.com/foodshare-careers
gaiias-open-positions,gaiias-open-positions,https://ats.rippling.com/gaiias-open-positions
gains-intermediate,gains-intermediate,https://ats.rippling.com/gains-intermediate
gakinoamaagetfc,gakinoamaagetfc,https://ats.rippling.com/gakinoamaagetfc
hercules-careers,hercules-careers,https://ats.rippling.com/hercules-careers
howard-financial,howard-financial,https://ats.rippling.com/howard-financial
icon-property-management,icon-property-management,https://ats.rippling.com/icon-property-management
jobboard,jobboard,https://ats.rippling.com/jobboard
kinetic-custom-trailers,kinetic-custom-trailers,https://ats.rippling.com/kinetic-custom-trailers
klir,klir,https://ats.rippling.com/klir
knotch-inc,knotch-inc,https://ats.rippling.com/knotch-inc
kraken-robotics-inc,kraken-robotics-inc,https://ats.rippling.com/kraken-robotics-inc
lynx-software-technologies,lynx-software-technologies,https://ats.rippling.com/lynx-software-technologies
meritus-property-group,meritus-property-group,https://ats.rippling.com/meritus-property-group
meroka,meroka,https://ats.rippling.com/meroka
miebach-northamerica-career-page,miebach-northamerica-career-page,https://ats.rippling.com/miebach-northamerica-career-page
moderncampus,moderncampus,https://ats.rippling.com/moderncampus
nanovation-careers,nanovation-careers,https://ats.rippling.com/nanovation-careers
nerdio-careers,nerdio-careers,https://ats.rippling.com/nerdio-careers
nesto,nesto,https://ats.rippling.com/nesto
nestocloud,nestocloud,https://ats.rippling.com/nestocloud
nestogroup,nestogroup,https://ats.rippling.com/nestogroup
novacapexprimez,novacapexprimez,https://ats.rippling.com/novacapexprimez
octasic-inc,octasic-inc,https://ats.rippling.com/octasic-inc
onx,onx,https://ats.rippling.com/onx
packetlabs,packetlabs,https://ats.rippling.com/packetlabs
peak-power-careers,peak-power-careers,https://ats.rippling.com/peak-power-careers
perle,perle,https://ats.rippling.com/perle
portside,portside,https://ats.rippling.com/portside
praia-health,praia-health,https://ats.rippling.com/praia-health
progressive-automations,progressive-automations,https://ats.rippling.com/progressive-automations
rstudios-inc,rstudios-inc,https://ats.rippling.com/rstudios-inc
sibros-technologies,sibros-technologies,https://ats.rippling.com/sibros-technologies
smartmedia-technologies-inc,smartmedia-technologies-inc,https://ats.rippling.com/smartmedia-technologies-inc
spearhead-careers,spearhead-careers,https://ats.rippling.com/spearhead-careers
sterling-careers,sterling-careers,https://ats.rippling.com/sterling-careers
structurecraft,structurecraft,https://ats.rippling.com/structurecraft
supernova-technology,supernova-technology,https://ats.rippling.com/supernova-technology
teamhorizon,teamhorizon,https://ats.rippling.com/teamhorizon
the-shelf-careers,the-shelf-careers,https://ats.rippling.com/the-shelf-careers
topicflow,topicflow,https://ats.rippling.com/topicflow
type-one-energy-group,type-one-energy-group,https://ats.rippling.com/type-one-energy-group
ujv,ujv,https://ats.rippling.com/ujv
uniuni,uniuni,https://ats.rippling.com/uniuni
vse-careers,vse-careers,https://ats.rippling.com/vse-careers
war-room-careers,war-room-careers,https://ats.rippling.com/war-room-careers
whc,whc,https://ats.rippling.com/whc
whistler-platinum-jobs,whistler-platinum-jobs,https://ats.rippling.com/whistler-platinum-jobs
youtooz,youtooz,https://ats.rippling.com/youtooz
zymeworks-careers,zymeworks-careers,https://ats.rippling.com/zymeworks-careers
